Site,Tree #,2024,2023,2022,2021,2020,2019,2018,2017,2016,2015,2014,2013,2012,2011,2010,2009,2008,2007,2006,2005,2004,2003,2002,2001,2000,1999,1998,1997,1996,1995,1994,1993,1992,1991,1990,1989
FL - Apalachicola National Forest - Compartment #222 East of highway US-319 at Munson Slough,1,0,0,31,0,C,7,1,16,1,15,15,0,0,33,1,14,14,2,17,13,,8,0,26,38,0,1,55,113,,0,,5,,,
FL - Apalachicola National Forest - Compartment #222 East of highway US-319 at Munson Slough,2,1,0,42,0,o,11,1,11,0,44,4,3,1,12,2,5,24,6,11,16,,20,0,30,9,2,3,20,171,,1,,14,,,
FL - Apalachicola National Forest - Compartment #222 East of highway US-319 at Munson Slough,3,0,1,12,0,v,0,0,36,0,0,0,1,0,3,0,0,3,0,0,2,,0,0,0,19,0,3,0,154,,5,,14,,,
FL - Apalachicola National Forest - Compartment #222 East of highway US-319 at Munson Slough,4,0,missing,7,0,i,0,0,0,0,1,0,0,0,2,0,0,14,4,0,3,,5,0,1,2,0,2,26,59,,2,,11,,,
FL - Apalachicola National Forest - Compartment #222 East of highway US-319 at Munson Slough,5,1,3,36,1,d,5,1,42,2,16,0,0,4,15,0,0,6,0,0,5,,2,0,0,3,0,0,5,148,,0,,9,,,
FL - Apalachicola National Forest - Compartment #222 East of highway US-319 at Munson Slough,6,0,0,1,0,P,0,0,0,0,0,0,0,0,1,0,0,1,0,0,0,,0,0,0,0,0,2,45,26,,3,,2,,,
FL - Apalachicola National Forest - Compartment #222 East of highway US-319 at Munson Slough,7,1,0,18,0,a,3,1,20,0,5,0,0,0,29,1,0,42,0,22,20,,3,0,5,25,0,10,,21,,0,,23,,,
FL - Apalachicola National Forest - Compartment #222 East of highway US-319 at Munson Slough,8,0,2,25,0,n,2,0,12,0,8,4,0,2,16,0,8,11,2,16,2,,23,0,12,21,5,3,,35,,3,,3,,,
FL - Apalachicola National Forest - Compartment #222 East of highway US-319 at Munson Slough,9,0,0,0,0,d,1,0,2,0,11,9,0,2,3,0,0,19,0,11,15,,4,0,1,3,3,0,,163,,34,,0,,,
FL - Apalachicola National Forest - Compartment #222 East of highway US-319 at Munson Slough,10,0,0,7,0,e,0,0,39,0,7,3,0,0,5,0,3,28,0,0,9,,4,0,0,6,15,,,14,,5,,14,,,
FL - Apalachicola National Forest - Compartment #222 East of highway US-319 at Munson Slough,11,,,,,m,,,,,,,,,,,,,,,,,,,,,,,,82,,,,3,,,
FL - Apalachicola National Forest - Compartment #222 East of highway US-319 at Munson Slough,12,,,,,i,,,,,,,,,,,,,,,,,,,,,,,,117,,,,102,,,
FL - Apalachicola National Forest - Compartment #222 East of highway US-319 at Munson Slough,13,,,,,c,,,,,,,,,,,,,,,,,,,,,,,,,,,,2,,,
FL - Blackwater River State Forest - West of Old Martin Road and Northeast of CART Study,1,12,8,98,8,,14,2,170,0,0,4,2,0,91,6,9,6,0,17,46,,,,,,,,,,,,,,,,
FL - Blackwater River State Forest - West of Old Martin Road and Northeast of CART Study,2,1,20,31,13,,32,3,137,2,1,67,0,0,67,1,21,7,0,28,5,,,,,,,,,,,,,,,,
FL - Blackwater River State Forest - West of Old Martin Road and Northeast of CART Study,3,1,0,17,0,,14,0,3,0,1,8,0,0,25,0,3,10,0,3,6,,,,,,,,,,,,,,,,
FL - Blackwater River State Forest - West of Old Martin Road and Northeast of CART Study,4,0,1,11,1,,6,2,0,0,0,23,0,0,13,0,14,7,0,19,10,,,,,,,,,,,,,,,,
FL - Blackwater River State Forest - West of Old Martin Road and Northeast of CART Study,5,0,0,24,1,,3,0,18,0,0,19,0,0,3,0,2,20,0,23,14,,,,,,,,,,,,,,,,
FL - Blackwater River State Forest - West of Old Martin Road and Northeast of CART Study,6,0,4,18,10,,7,0,5,0,0,24,0,0,4,1,8,17,0,0,14,,,,,,,,,,,,,,,,
FL - Blackwater River State Forest - West of Old Martin Road and Northeast of CART Study,7,0,2,187,1,,0,3,191,0,15,271,0,1,350,0,63,40,0,9,18,,,,,,,,,,,,,,,,
FL - Blackwater River State Forest - West of Old Martin Road and Northeast of CART Study,8,7,12,24,2,,5,0,94,0,28,131,1,1,57,2,10,24,0,20,15,,,,,,,,,,,,,,,,
FL - Blackwater River State Forest - West of Old Martin Road and Northeast of CART Study,9,10,3,46,10,,17,30,89,3,24,97,6,1,47,7,12,21,0,,30,,,,,,,,,,,,,,,,
FL - Blackwater River State Forest - West of Old Martin Road and Northeast of CART Study,10,2,51,96,10,,22,6,63,0,15,101,4,2,49,3,16,41,0,,83,,,,,,,,,,,,,,,,
NC - Bladen Lakes State Forest - along Johnsontown Road on Northside,1,dead,dead,dead,dead,,dead,dead,dead,dead,dead,dead,dead,dead,dead,dead,,dead,dead,27,15,,,,,,111,0,4,140,,46,,4,,,
NC - Bladen Lakes State Forest - along Johnsontown Road on Northside,2,4,0,2,6,,1,2,0,23,7,2,2,1,1,16,,0,10,31,0,,1,41,1,3,38,0,1,35,,8,,4,,,
NC - Bladen Lakes State Forest - along Johnsontown Road on Northside,3,3,0,23,6,,14,6,1,8,2,13,1,6,4,1,,0,0,16,0,,23,11,3,20,16,0,7,19,,5,,4,,,
NC - Bladen Lakes State Forest - along Johnsontown Road on Northside,4,6,0,42,67,,15,6,0,14,3,3,1,3,5,13,,0,6,40,0,,43,6,0,44,84,0,0,62,,1,,1,,,
NC - Bladen Lakes State Forest - along Johnsontown Road on Northside,5,2,1,9,16,,0,5,0,5,0,0,0,2,4,0,,0,0,85,0,,3,9,0,0,0,0,6,71,,0,,3,,,
NC - Bladen Lakes State Forest - along Johnsontown Road on Northside,6,22,0,1,49,,missing,6,0,3,0,39,0,3,3,8,,0,1,31,0,,1,3,0,60,53,1,2,76,,4,,0,,,
NC - Bladen Lakes State Forest - along Johnsontown Road on Northside,7,2,0,2,3,,8,5,1,0,0,15,0,0,1,0,,0,0,54,0,,0,9,0,2,38,1,1,0,,0,,6,,,
NC - Bladen Lakes State Forest - along Johnsontown Road on Northside,8,1,1,0,40,,0,0,1,0,0,0,0,0,0,1,,0,0,11,0,,0,2,0,2,2,0,2,6,,0,,0,,,
NC - Bladen Lakes State Forest - along Johnsontown Road on Northside,9,1,0,3,2,,4,2,0,1,1,24,0,0,6,1,,0,0,17,0,,1,1,0,41,32,10,4,37,,2,,3,,,
NC - Bladen Lakes State Forest - along Johnsontown Road on Northside,10,dead,dead,dead,dead,,dead,dead,dead,dead,dead,dead,dead,dead,dead,dead,,dead,dead,dead,dead,,dead,dead,dead,dead,dead,dead,dead,7,,0,,0,,,
NC - Bladen Lakes State Forest - along Johnsontown Road on Northside,11,9,0,2,22,,30,19,4,19,5,14,2,7,3,4,,1,3,43,5,,12,8,0,19,77,7,11,62,,2,,,,,
NC - Bladen Lakes State Forest - along Johnsontown Road on Northside,12,16,9,29,51,,16,9,2,8,8,37,2,3,12,14,,1,6,66,2,,24,39,0,41,60,1,21,73,,26,,,,,
NC - Bladen Lakes State Forest - along Johnsontown Road on Northside,13,7,0,0,12,,2,1,0,1,2,10,0,0,1,0,,0,0,45,0,,0,20,2,6,42,0,21,26,,0,,,,,
NC - Bladen Lakes State Forest - along Johnsontown Road on Northside,14,5,2,4,32,,16,12,0,1,0,12,7,0,7,0,,1,2,42,0,,0,0,0,33,30,0,7,38,,,,,,,
NC - Bladen Lakes State Forest - along Johnsontown Road on Northside,15,8,0,1,23,,15,4,0,1,4,1,1,0,2,1,,0,0,18,0,,0,3,0,27,18,0,22,8,,1,,,,,
NC - Bladen Lakes State Forest - along Johnsontown Road on Northside,16,5,1,10,6,,6,0,0,0,0,0,0,0,0,2,,0,0,0,0,,0,9,0,0,14,0,0,14,,0,,,,,
NC - Bladen Lakes State Forest - along Johnsontown Road on Northside,17,1,3,72,38,,10,13,0,10,0,11,1,0,8,14,,0,1,9,4,,30,55,0,25,,,,,,,,,,,
"FL - Eglin Air Force Base - ""Shelterwood #2"" West of Road 608 and South of Rattlesnake Road ",1,0,1,2,0,,0,0,4,0,0,3,0,0,0,0,0,0,0,2,4,0,3,0,0,0,8,,0,42,33,,,,,,
"FL - Eglin Air Force Base - ""Shelterwood #2"" West of Road 608 and South of Rattlesnake Road ",2,2,2,89,1,,0,0,2,0,0,139,0,0,11,0,37,24,0,8,2,12,25,1,0,22,0,,1,100,3,,,,,,
"FL - Eglin Air Force Base - ""Shelterwood #2"" West of Road 608 and South of Rattlesnake Road ",3,0,1,7,0,,0,0,4,0,0,0,0,2,5,0,0,2,0,0,2,5,5,0,0,0,1,,0,26,4,,,,,,
"FL - Eglin Air Force Base - ""Shelterwood #2"" West of Road 608 and South of Rattlesnake Road ",4,1,0,72,0,,0,0,23,1,1,28,0,1,6,0,4,2,0,2,11,10,33,0,0,2,3,,0,85,17,,,,,,
"FL - Eglin Air Force Base - ""Shelterwood #2"" West of Road 608 and South of Rattlesnake Road ",5,0,0,38,0,,0,0,13,0,0,202,0,1,56,0,34,44,0,4,56,38,64,0,0,3,1,,0,2,20,,,,,,
"FL - Eglin Air Force Base - ""Shelterwood #2"" West of Road 608 and South of Rattlesnake Road ",6,0,0,57,0,,1,3,61,0,14,178,3,0,88,0,11,20,0,2,61,28,33,8,0,90,72,,0,32,11,,,,,,
"FL - Eglin Air Force Base - ""Shelterwood #2"" West of Road 608 and South of Rattlesnake Road ",7,0,53,87,0,,2,0,37,0,9,123,0,0,32,3,0,25,0,19,42,18,6,48,0,3,26,,0,4,26,,,,,,
"FL - Eglin Air Force Base - ""Shelterwood #2"" West of Road 608 and South of Rattlesnake Road ",8,0,14,34,0,,0,0,11,0,1,74,0,1,26,4,0,9,0,11,3,25,40,1,0,26,30,,0,31,4,,,,,,
"FL - Eglin Air Force Base - ""Shelterwood #2"" West of Road 608 and South of Rattlesnake Road ",9,0,0,43,0,,dead,dead,dead,dead,0,27,0,0,32,0,2,23,0,1,23,31,10,0,0,6,0,,0,45,0,,,,,,
"FL - Eglin Air Force Base - ""Shelterwood #2"" West of Road 608 and South of Rattlesnake Road ",10,0,1,148,2,,16,0,12,0,0,70,0,0,87,2,49,3,0,6,,10,40,0,0,0,0,,0,0,1,,,,,,
FL - Eglin Air Force Base - New Sandhills Site along Westside of Florida Highway 85 between Mile Markers 19 and 20,1,0,3,72,0,,62,0,34,0,,,,,,,,,,,,,,,,,,,,,,,,,,,
FL - Eglin Air Force Base - New Sandhills Site along Westside of Florida Highway 85 between Mile Markers 19 and 20,2,0,0,16,0,,32,0,4,0,,,,,,,,,,,,,,,,,,,,,,,,,,,
FL - Eglin Air Force Base - New Sandhills Site along Westside of Florida Highway 85 between Mile Markers 19 and 20,3,0,0,33,0,,0,0,32,0,,,,,,,,,,,,,,,,,,,,,,,,,,,
FL - Eglin Air Force Base - New Sandhills Site along Westside of Florida Highway 85 between Mile Markers 19 and 20,4,0,3,38,0,,0,0,28,0,,,,,,,,,,,,,,,,,,,,,,,,,,,
FL - Eglin Air Force Base - New Sandhills Site along Westside of Florida Highway 85 between Mile Markers 19 and 20,5,0,3,55,0,,5,0,13,0,,,,,,,,,,,,,,,,,,,,,,,,,,,
FL - Eglin Air Force Base - New Sandhills Site along Westside of Florida Highway 85 between Mile Markers 19 and 20,6,0,2,18,0,,0,1,9,0,,,,,,,,,,,,,,,,,,,,,,,,,,,
FL - Eglin Air Force Base - New Sandhills Site along Westside of Florida Highway 85 between Mile Markers 19 and 20,7,0,0,13,0,,4,0,42,0,,,,,,,,,,,,,,,,,,,,,,,,,,,
FL - Eglin Air Force Base - New Sandhills Site along Westside of Florida Highway 85 between Mile Markers 19 and 20,8,0,0,28,3,,3,0,6,0,,,,,,,,,,,,,,,,,,,,,,,,,,,
FL - Eglin Air Force Base - New Sandhills Site along Westside of Florida Highway 85 between Mile Markers 19 and 20,9,0,0,4,0,,19,0,5,0,,,,,,,,,,,,,,,,,,,,,,,,,,,
FL - Eglin Air Force Base - New Sandhills Site along Westside of Florida Highway 85 between Mile Markers 19 and 20,10,1,2,98,1,,missing,0,27,2,,,,,,,,,,,,,,,,,,,,,,,,,,,
FL - Eglin Air Force Base - Old Sandhills #1,1,,,,,,,,,,5,115,0,0,139,1,30,40,0,2,25,57,0,80,0,5,0,0,1,43,0,,,,,,
FL - Eglin Air Force Base - Old Sandhills #1,2,,,,,,,,,,0,4,0,0,82,0,3,33,0,0,8,63,0,18,6,0,2,0,0,44,0,,,,,,
FL - Eglin Air Force Base - Old Sandhills #1,3,,,,,,,,,,1,68,0,0,200,0,3,28,0,10,9,25,0,19,0,16,0,12,0,37,0,,,,,,
FL - Eglin Air Force Base - Old Sandhills #1,4,,,,,,,,,,0,25,0,1,85,0,0,41,0,10,39,41,0,34,0,24,10,3,4,22,1,,,,,,
FL - Eglin Air Force Base - Old Sandhills #1,5,,,,,,,,,,0,8,0,0,27,0,0,0,0,0,22,13,0,0,0,3,0,0,0,68,0,,,,,,
FL - Eglin Air Force Base - Old Sandhills #1,6,,,,,,,,,,0,160,0,0,20,0,0,9,0,0,6,12,0,7,0,2,0,0,0,77,0,,,,,,
FL - Eglin Air Force Base - Old Sandhills #1,7,,,,,,,,,,0,6,0,0,7,0,0,6,0,3,3,27,0,0,0,2,0,0,0,16,0,,,,,,
FL - Eglin Air Force Base - Old Sandhills #1,8,,,,,,,,,,dead,dead,dead,0,5,0,0,0,0,0,0,8,0,0,0,0,0,0,0,43,0,,,,,,
FL - Eglin Air Force Base - Old Sandhills #1,9,,,,,,,,,,0,15,0,0,17,0,0,2,,25,,2,0,5,0,9,3,,,141,0,,,,,,
FL - Eglin Air Force Base - Old Sandhills #1,10,,,,,,,,,,0,0,0,0,107,0,0,18,0,,,,,,,,,,,162,0,,,,,,
FL - Eglin Air Force Base - Old Sandhills #1,11,,,,,,,,,,dead,dead,dead,dead,91,0,,,,,,,,,,,,,,,,,,,,,
FL - Eglin Air Force Base - Old Sandhills #1,12,,,,,,,,,,0,5,0,0,0,,,,,,,,,,,,,,,,,,,,,,
FL - Eglin Air Force Base - Old Sandhills #2,1,,,,,,,,,,0,10,0,0,40,0,5,19,0,4,12,50,0,19,0,2,0,0,0,69,0,,,,,,
FL - Eglin Air Force Base - Old Sandhills #2,2,,,,,,,,,,0,1,0,0,25,0,0,16,0,2,23,55,0,6,0,0,0,0,0,16,0,,,,,,
FL - Eglin Air Force Base - Old Sandhills #2,3,,,,,,,,,,0,2,0,0,2,0,0,8,0,3,34,15,0,3,0,0,0,0,0,16,0,,,,,,
FL - Eglin Air Force Base - Old Sandhills #2,4,,,,,,,,,,0,15,0,0,26,2,1,22,0,2,10,44,0,28,0,3,6,1,0,84,0,,,,,,
FL - Eglin Air Force Base - Old Sandhills #2,5,,,,,,,,,,0,1,0,0,17,0,0,13,0,,21,29,0,20,1,6,38,0,1,58,0,,,,,,
FL - Eglin Air Force Base - Old Sandhills #2,6,,,,,,,,,,0,0,0,0,2,1,0,4,0,6,15,11,0,0,0,0,6,4,0,94,0,,,,,,
FL - Eglin Air Force Base - Old Sandhills #2,7,,,,,,,,,,0,2,11,0,45,0,3,1,0,0,10,40,0,7,0,2,7,0,0,22,6,,,,,,
FL - Eglin Air Force Base - Old Sandhills #2,8,,,,,,,,,,0,61,0,0,5,0,0,0,0,0,15,184,0,0,0,10,0,0,13,14,0,,,,,,
FL - Eglin Air Force Base - Old Sandhills #2,9,,,,,,,,,,0,3,0,0,24,,,,,17,,,,,,,,,,65,0,,,,,,
FL - Eglin Air Force Base - Old Sandhills #2,10,,,,,,,,,,0,6,0,0,26,,9,,0,,,,,,,,,,,25,0,,,,,,
"FL - Eglin Air Force Base - ""Shelterwood #1"" East of Florida Highway 285 at Brown Pond",1,1,2,13,3,,0,1,20,0,1,2,1,1,0,2,0,3,0,8,,2,0,4,0,0,0,23,0,23,8,,,,,,
"FL - Eglin Air Force Base - ""Shelterwood #1"" East of Florida Highway 285 at Brown Pond",2,0,0,37,0,,1,0,24,15,3,3,0,2,16,3,0,61,64,26,,40,3,19,42,18,11,11,0,39,0,,,,,,
"FL - Eglin Air Force Base - ""Shelterwood #1"" East of Florida Highway 285 at Brown Pond",3,0,3,41,0,,3,0,7,0,0,14,2,0,16,0,1,14,0,2,,30,0,5,0,81,0,22,0,10,0,,,,,,
"FL - Eglin Air Force Base - ""Shelterwood #1"" East of Florida Highway 285 at Brown Pond",4,0,1,4,0,,0,0,0,0,0,5,2,0,1,2,1,5,0,12,,5,0,8,3,3,4,16,0,26,27,,,,,,
"FL - Eglin Air Force Base - ""Shelterwood #1"" East of Florida Highway 285 at Brown Pond",5,0,0,34,0,,30,0,10,11,11,67,12,3,14,41,53,51,0,16,,11,2,17,22,4,2,18,0,96,2,,,,,,
"FL - Eglin Air Force Base - ""Shelterwood #1"" East of Florida Highway 285 at Brown Pond",6,0,0,12,1,,missing,0,14,0,0,0,4,0,2,8,12,0,1,0,,5,6,4,16,12,0,2,2,48,105,,,,,,
"FL - Eglin Air Force Base - ""Shelterwood #1"" East of Florida Highway 285 at Brown Pond",7,0,5,45,0,,2,0,4,0,0,4,0,0,2,1,7,4,0,0,,10,20,0,0,0,0,1,0,19,6,,,,,,
"FL - Eglin Air Force Base - ""Shelterwood #1"" East of Florida Highway 285 at Brown Pond",8,obscure,0,16,0,,12,0,11,0,0,16,2,0,5,1,15,7,2,7,,7,3,14,2,6,3,3,0,96,89,,,,,,
"FL - Eglin Air Force Base - ""Shelterwood #1"" East of Florida Highway 285 at Brown Pond",9,0,0,134,1,,4,0,32,8,8,29,0,0,31,2,0,11,0,3,,4,0,3,0,4,0,0,0,56,8,,,,,,
"FL - Eglin Air Force Base - ""Shelterwood #1"" East of Florida Highway 285 at Brown Pond",10,0,10,9,0,,dead,dead,dead,dead,0,7,1,0,10,0,0,5,5,8,,3,0,2,3,8,0,4,0,67,4,,,,,,
AL - T.R. Miller Woodlands - Escambia Experimental Forest Compartment 156 (the Farm Forty),1,0,0,1,0,,3,0,15,0,0,17,0,0,5,0,1,1,0,4,0,0,9,0,,,,,0,62,0,2,,,,,
AL - T.R. Miller Woodlands - Escambia Experimental Forest Compartment 156 (the Farm Forty),2,0,3,0,2,,4,1,12,0,0,9,0,1,3,0,8,3,0,2,0,0,15,1,,,,,0,53,0,0,,,,,
AL - T.R. Miller Woodlands - Escambia Experimental Forest Compartment 156 (the Farm Forty),3,1,4,13,0,,5,0,14,0,1,28,1,0,9,0,6,4,7,6,0,0,14,0,,,,,0,82,0,1,,,,,
AL - T.R. Miller Woodlands - Escambia Experimental Forest Compartment 156 (the Farm Forty),4,0,0,0,0,,2,0,0,0,0,2,1,0,8,0,4,0,0,0,0,0,8,0,,,,,0,60,0,1,,,,,
AL - T.R. Miller Woodlands - Escambia Experimental Forest Compartment 156 (the Farm Forty),5,1,2,11,8,,8,0,65,0,0,59,4,0,19,0,18,17,0,2,26,8,25,0,,,,,0,80,0,1,,,,,
AL - T.R. Miller Woodlands - Escambia Experimental Forest Compartment 156 (the Farm Forty),6,1,7,5,0,,4,0,5,0,0,60,2,0,13,5,5,26,0,,28,3,55,4,,,,,0,50,0,7,,,,,
AL - T.R. Miller Woodlands - Escambia Experimental Forest Compartment 156 (the Farm Forty),7,0,7,65,10,,5,0,157,0,0,88,3,0,31,0,31,25,0,6,47,50,71,9,,,,,dead,dead,dead,dead,,,,,
AL - T.R. Miller Woodlands - Escambia Experimental Forest Compartment 156 (the Farm Forty),8,1,5,16,3,,11,2,66,0,2,121,0,0,0,0,138,23,0,4,8,14,20,9,,,,,0,70,6,14,,,,,
AL - T.R. Miller Woodlands - Escambia Experimental Forest Compartment 156 (the Farm Forty),9,1,3,5,18,,5,1,58,0,3,96,7,0,114,12,23,37,0,5,3,10,75,2,,,,,0,42,5,0,,,,,
AL - T.R. Miller Woodlands - Escambia Experimental Forest Compartment 156 (the Farm Forty),10,0,5,21,7,,4,0,60,0,0,33,0,5,4,0,4,6,0,0,11,0,23,0,,,,,0,90,3,2,,,,,
AL - T.R. Miller Woodlands - Escambia Experimental Forest Compartment 156 (the Farm Forty),11,,,,,,,,,,,,,,,,,,,,,,,,,,,,0,110,0,3,,,,,
AL - T.R. Miller Woodlands - Escambia Experimental Forest Compartment 156 (the Farm Forty),12,,,,,,,,,,,,,,,,,,,,,,,,,,,,0,116,1,1,,,,,
AL - T.R. Miller Woodlands - Escambia Experimental Forest Compartment 156 (the Farm Forty),13,,,,,,,,,,,,,,,,,,,,,,,,,,,,0,51,0,1,,,,,
AL - T.R. Miller Woodlands - Escambia Experimental Forest Compartment 156 (the Farm Forty),14,,,,,,,,,,,,,,,,,,,,,,,,,,,,0,12,4,2,,,,,
AL - T.R. Miller Woodlands - Escambia Experimental Forest Compartment 156 (the Farm Forty),15,,,,,,,,,,,,,,,,,,,,,,,,,,,,0,41,0,16,,,,,
AL - T.R. Miller Woodlands - Escambia Experimental Forest Compartment 156 (the Farm Forty),16,,,,,,,,,,,,,,,,,,,,,,,,,,,,0,127,5,8,,,,,
AL - T.R. Miller Woodlands - Escambia Experimental Forest Compartment 156 (the Farm Forty),17,,,,,,,,,,,,,,,,,,,,,,,,,,,,0,143,0,36,,,,,
AL - T.R. Miller Woodlands - Escambia Experimental Forest Compartment 156 (the Farm Forty),18,,,,,,,,,,,,,,,,,,,,,,,,,,,,9,160,0,40,,,,,
AL - T.R. Miller Woodlands - Escambia Experimental Forest Compartment 156 (the Farm Forty),19,,,,,,,,,,,,,,,,,,,,,,,,,,,,0,85,0,19,,,,,
AL - T.R. Miller Woodlands - Escambia Experimental Forest Compartment 156 (the Farm Forty),20,,,,,,,,,,,,,,,,,,,,,,,,,,,,1,52,0,6,,,,,
AL - T.R. Miller Woodlands - Escambia Experimental Forest Compartment 156 (the Farm Forty),21,,,,,,,,,,,,,,,,,,,,,,,,,,,,0,131,0,2,,,,,
AL - T.R. Miller Woodlands - Escambia Experimental Forest Compartment 156 (the Farm Forty),22,,,,,,,,,,,,,,,,,,,,,,,,,,,,0,33,1,13,,,,,
AL - T.R. Miller Woodlands - Escambia Experimental Forest Compartment 156 (the Farm Forty),23,,,,,,,,,,,,,,,,,,,,,,,,,,,,0,38,0,0,,,,,
AL - T.R. Miller Woodlands - Escambia Experimental Forest Compartment 156 (the Farm Forty),24,,,,,,,,,,,,,,,,,,,,,,,,,,,,0,86,0,7,,,,,
AL - T.R. Miller Woodlands - Escambia Experimental Forest Compartment 156 (the Farm Forty),25,,,,,,,,,,,,,,,,,,,,,,,,,,,,0,79,0,4,,,,,
AL - T.R. Miller Woodlands - Escambia Experimental Forest Compartment 107 (South of Croker Pond),1,,,,,,5,8,161,0,46,221,0,15,16,0,11,,,,,,,,,,,,,,,,,,,,
AL - T.R. Miller Woodlands - Escambia Experimental Forest Compartment 107 (South of Croker Pond),2,,,,,,6,0,23,0,0,200,1,0,39,0,10,,,,,,,,,,,,,,,,,,,,
AL - T.R. Miller Woodlands - Escambia Experimental Forest Compartment 107 (South of Croker Pond),3,,,,,,4,2,69,1,11,44,0,29,63,0,11,,,,,,,,,,,,,,,,,,,,
AL - T.R. Miller Woodlands - Escambia Experimental Forest Compartment 107 (South of Croker Pond),4,,,,,,5,25,10,3,4,23,0,3,62,0,4,,,,,,,,,,,,,,,,,,,,
AL - T.R. Miller Woodlands - Escambia Experimental Forest Compartment 107 (South of Croker Pond),5,,,,,,3,0,55,0,32,128,10,5,12,0,25,,,,,,,,,,,,,,,,,,,,
AL - T.R. Miller Woodlands - Escambia Experimental Forest Compartment 107 (South of Croker Pond),6,,,,,,2,0,12,0,0,80,0,0,40,0,17,,,,,,,,,,,,,,,,,,,,
AL - T.R. Miller Woodlands - Escambia Experimental Forest Compartment 107 (South of Croker Pond),7,,,,,,3,2,51,0,0,25,30,10,36,11,58,,,,,,,,,,,,,,,,,,,,
AL - T.R. Miller Woodlands - Escambia Experimental Forest Compartment 107 (South of Croker Pond),8,,,,,,7,6,91,0,41,125,8,0,3,0,29,,,,,,,,,,,,,,,,,,,,
AL - T.R. Miller Woodlands - Escambia Experimental Forest Compartment 107 (South of Croker Pond),9,,,,,,5,5,55,1,5,69,2,21,6,4,37,,,,,,,,,,,,,,,,,,,,
AL - T.R. Miller Woodlands - Escambia Experimental Forest Compartment 107 (South of Croker Pond),10,,,,,,19,5,51,0,51,135,0,49,7,0,19,,,,,,,,,,,,,,,,,,,,
AL - T.R. Miller Woodlands - Escambia Experimental Forest Compartment 107 (South of Croker Pond),11,,,,,,dead,dead,dead,dead,0,74,0,0, ,,,,,,,,,,,,,,,,,,,,,,
AL - T.R. Miller Woodlands - Escambia Experimental Forest Compartment 107 (South of Croker Pond),12,,,,,,missing,0,43,0,9,110,0,0,,,,,,,,,,,,,,,,,,,,,,,
AL - T.R. Miller Woodlands - Escambia Experimental Forest Compartment 113,1,,,,,,,,,,,126,24,0,105,0,21,57,0,64,,,,,,,,,,,,,,,,,
AL - T.R. Miller Woodlands - Escambia Experimental Forest Compartment 113,2,,,,,,,,,,,43,3,1,77,0,34,43,0,0,,,,,,,,,,,,,,,,,
AL - T.R. Miller Woodlands - Escambia Experimental Forest Compartment 113,3,,,,,,,,,,,138,17,39,17,1,76,45,0,8,,,,,,,,,,,,,,,,,
AL - T.R. Miller Woodlands - Escambia Experimental Forest Compartment 113,4,,,,,,,,,,,62,5,8,34,15,16,17,2,5,,,,,,,,,,,,,,,,,
AL - T.R. Miller Woodlands - Escambia Experimental Forest Compartment 113,5,,,,,,,,,,,51,0,0,30,1,8,26,0,2,,,,,,,,,,,,,,,,,
AL - T.R. Miller Woodlands - Escambia Experimental Forest Compartment 113,6,,,,,,,,,,,32,4,0,44,3,7,13,1,9,,,,,,,,,,,,,,,,,
AL - T.R. Miller Woodlands - Escambia Experimental Forest Compartment 113,7,,,,,,,,,,,220,21,7,124,4,47,69,0,13,,,,,,,,,,,,,,,,,
AL - T.R. Miller Woodlands - Escambia Experimental Forest Compartment 113,8,,,,,,,,,,,36,1,0,17,3,5,4,0,0,,,,,,,,,,,,,,,,,
AL - T.R. Miller Woodlands - Escambia Experimental Forest Compartment 113,9,,,,,,,,,,,43,1,0,3,1,27,25,0,14,,,,,,,,,,,,,,,,,
AL - T.R. Miller Woodlands - Escambia Experimental Forest Compartment 113,10,,,,,,,,,,,155,123,0,2,1,42,24,0,28,,,,,,,,,,,,,,,,,
AL - T.R. Miller Woodlands - Escambia Experimental Forest Compartment 71,1,,,,,,,,,,,157,0,1,66,1,15,32,0,,17,,,,,,,,,28,0,0,24,0,0,,
AL - T.R. Miller Woodlands - Escambia Experimental Forest Compartment 71,2,,,,,,,,,,,8,0,0,2,1,,,,,,54,26,0,17,139,0,2,0,35,0,105,96,0,0,,
AL - T.R. Miller Woodlands - Escambia Experimental Forest Compartment 71,3,,,,,,,,,,,87,0,2,82,0,10,57,3,0,5,22,76,0,7,59,0,26,0,12,0,1,100,0,0,,
AL - T.R. Miller Woodlands - Escambia Experimental Forest Compartment 71,4,,,,,,,,,,,,,,,,,,,,,18,79,5,14,84,0,6,0,48,6,1,34,12,5,,
AL - T.R. Miller Woodlands - Escambia Experimental Forest Compartment 71,5,,,,,,,,,,,,,,,,,,,,,12,43,0,4,45,0,12,0,56,0,8,4,0,2,,
AL - T.R. Miller Woodlands - Escambia Experimental Forest Compartment 71,6,,,,,,,,,,,,,,,,,,,,,4,48,0,6,21,0,4,0,24,0,3,22,1,1,,
AL - T.R. Miller Woodlands - Escambia Experimental Forest Compartment 71,7,,,,,,,,,,,,,,,,,,,,,9,142,8,9,118,0,24,0,64,0,2,77,0,0,,
AL - T.R. Miller Woodlands - Escambia Experimental Forest Compartment 71,8,,,,,,,,,,,90,0,0,27,0,25,38,0,10,12,11,64,0,25,73,0,8,0,52,0,9,37,0,3,,
AL - T.R. Miller Woodlands - Escambia Experimental Forest Compartment 71,9,,,,,,,,,,,110,1,3,26,0,0,83,,,,2,29,0,3,4,0,4,0,21,0,2,12,0,4,,
AL - T.R. Miller Woodlands - Escambia Experimental Forest Compartment 71,10,,,,,,,,,,,34,13,0,50,0,0,39,0,4,14,6,0,0,1,0,0,1,0,15,0,0,0,0,0,,
AL - T.R. Miller Woodlands - Escambia Experimental Forest Compartment 71,11,,,,,,,,,,,,,,,,,,,,,6,82,0,2,29,0,2,0,42,0,2,75,0,2,,
AL - T.R. Miller Woodlands - Escambia Experimental Forest Compartment 71,12,,,,,,,,,,,,,,,,,,,,,0,13,0,0,1,0,3,0,8,0,0,2,0,0,,
AL - T.R. Miller Woodlands - Escambia Experimental Forest Compartment 71,13,,,,,,,,,,,36,0,0,27,1,0,30,,,,,,,,44,6,18,1,118,14,25,79,0,16,,
AL - T.R. Miller Woodlands - Escambia Experimental Forest Compartment 71,14,,,,,,,,,,,,,,,,,,,,,,,,,,,16,0,22,0,10,19,0,0,,
AL - T.R. Miller Woodlands - Escambia Experimental Forest Compartment 71,15,,,,,,,,,,,96,0,0,148,2,6,33,0,17,9,0,67,3,5,25,0,14,0,47,0,8,28,0,3,,
AL - T.R. Miller Woodlands - Escambia Experimental Forest Compartment 71,16,,,,,,,,,,,,,,,,,,,,,10,16,3,9,9,0,16,0,38,0,7,24,1,16,,
AL - T.R. Miller Woodlands - Escambia Experimental Forest Compartment 71,17,,,,,,,,,,,,,,,,,,,,,,,,,,,8,0,133,0,1,27,0,1,,
AL - T.R. Miller Woodlands - Escambia Experimental Forest Compartment 71,18,,,,,,,,,,,,,,,,,,,,,6,117,2,5,19,6,4,0,89,0,2,47,0,0,,
AL - T.R. Miller Woodlands - Escambia Experimental Forest Compartment 71,19,,,,,,,,,,,,,,,,,,,,12,14,56,10,0,64,0,14,0,56,24,6,34,0,10,,
AL - T.R. Miller Woodlands - Escambia Experimental Forest Compartment 71,20,,,,,,,,,,,51,0,0,55,0,2,13,0,5,10,10,6,0,0,72,0,0,0,29,0,2,10,1,0,,
AL - T.R. Miller Woodlands - Escambia Experimental Forest Compartment 71,21,,,,,,,,,,,34,0,0,38,0,3,11,0,0,4,7,11,3,,22,0,6,0,65,0,2,66,0,0,,
AL - T.R. Miller Woodlands - Escambia Experimental Forest Compartment 71,22,,,,,,,,,,,,,,,,,,,,,,,,107,30,0,,,,,,,,,,
AL - T.R. Miller Woodlands - Escambia Experimental Forest Compartment 118,1,,,,,,,,,,,,1,0,16,0,11,7,14,,,,,,,,,,,,,,,,,,
AL - T.R. Miller Woodlands - Escambia Experimental Forest Compartment 118,2,,,,,,,,,,,,5,0,39,0,10,22,0,,,,,,,,,,,,,,,,,,
AL - T.R. Miller Woodlands - Escambia Experimental Forest Compartment 118,3,,,,,,,,,,,,0,0,63,0,11,73,0,,,,,,,,,,,,,,,,,,
AL - T.R. Miller Woodlands - Escambia Experimental Forest Compartment 118,4,,,,,,,,,,,,0,0,62,0,4,21,22,,,,,,,,,,,,,,,,,,
AL - T.R. Miller Woodlands - Escambia Experimental Forest Compartment 118,5,,,,,,,,,,,,0,1,12,0,25,18,9,,,,,,,,,,,,,,,,,,
AL - T.R. Miller Woodlands - Escambia Experimental Forest Compartment 118,6,,,,,,,,,,,,6,3,40,0,17,20,0,,,,,,,,,,,,,,,,,,
AL - T.R. Miller Woodlands - Escambia Experimental Forest Compartment 118,7,,,,,,,,,,,,0,0,36,11,58,36,2,,,,,,,,,,,,,,,,,,
AL - T.R. Miller Woodlands - Escambia Experimental Forest Compartment 118,8,,,,,,,,,,,,0,0,3,0,29,66,25,,,,,,,,,,,,,,,,,,
AL - T.R. Miller Woodlands - Escambia Experimental Forest Compartment 118,9,,,,,,,,,,,,0,0,6,4,37,3,2,,,,,,,,,,,,,,,,,,
AL - T.R. Miller Woodlands - Escambia Experimental Forest Compartment 118,10,,,,,,,,,,,,0,0,7,0,19,47,0,,,,,,,,,,,,,,,,,,
AL - T.R. Miller Woodlands - Escambia Experimental Forest Compartment 103,1,,,,,,,,,,,,,,,,,,,13,0,5,73,2,0,13,0,16,5,,,,,,,,
AL - T.R. Miller Woodlands - Escambia Experimental Forest Compartment 103,2,,,,,,,,,,,,,,,,,,,7,29,4,80,3,100,9,0,49,0,,,,,,,,
AL - T.R. Miller Woodlands - Escambia Experimental Forest Compartment 103,3,,,,,,,,,,,,,,,,,,,,,4,19,6,6,0,0,10,2,,,,,,,,
AL - T.R. Miller Woodlands - Escambia Experimental Forest Compartment 103,4,,,,,,,,,,,,,,,,,,,5,15,0,25,0,0,2,6,11,0,,,,,,,,
AL - T.R. Miller Woodlands - Escambia Experimental Forest Compartment 103,5,,,,,,,,,,,,,,,,,,,4,0,2,32,11,40,18,0,41,2,,,,,,,,
AL - T.R. Miller Woodlands - Escambia Experimental Forest Compartment 103,6,,,,,,,,,,,,,,,,,,,,,6,47,30,6,0,6,22,0,,,,,,,,
AL - T.R. Miller Woodlands - Escambia Experimental Forest Compartment 103,7,,,,,,,,,,,,,,,,,,,40,50,12,20,13,60,10,6,44,0,,,,,,,,
AL - T.R. Miller Woodlands - Escambia Experimental Forest Compartment 103,8,,,,,,,,,,,,,,,,,,,51,16,26,44,16,100,60,0,123,0,,,,,,,,
AL - T.R. Miller Woodlands - Escambia Experimental Forest Compartment 103,9,,,,,,,,,,,,,,,,,,,,,15,96,3,50,20,0,10,0,,,,,,,,
AL - T.R. Miller Woodlands - Escambia Experimental Forest Compartment 103,10,,,,,,,,,,,,,,,,,,,13,31,13,71,0,26,9,0,3,0,,,,,,,,
AL - T.R. Miller Woodlands - Escambia Experimental Forest Compartment 103,11,,,,,,,,,,,,,,,,,,,30,34,18,125,15,0,55,0,38,0,,,,,,,,
AL - T.R. Miller Woodlands - Escambia Experimental Forest Compartment 103,12,,,,,,,,,,,,,,,,,,,,,0,60,0,4,16,0,5,0,,,,,,,,
AL - T.R. Miller Woodlands - Escambia Experimental Forest Compartment 103,13,,,,,,,,,,,,,,,,,,,12,16,1,26,7,0,2,0,11,0,,,,,,,,
AL - T.R. Miller Woodlands - Escambia Experimental Forest Compartment 103,14,,,,,,,,,,,,,,,,,,,32,24,54,136,5,26,27,0,94,0,,,,,,,,
AL - T.R. Miller Woodlands - Escambia Experimental Forest Compartment 103,15,,,,,,,,,,,,,,,,,,,12,35,0,68,0,14,5,0,14,0,,,,,,,,
AL - T.R. Miller Woodlands - Escambia Experimental Forest Compartment 103,16,,,,,,,,,,,,,,,,,,,8,19,0,28,0,2,2,0,3,0,,,,,,,,
AL - T.R. Miller Woodlands - Escambia Experimental Forest Compartment 103,17,,,,,,,,,,,,,,,,,,,,,0,4,0,0,10,0,25,1,,,,,,,,
AL - T.R. Miller Woodlands - Escambia Experimental Forest Compartment 103,18,,,,,,,,,,,,,,,,,,,16,82,8,51,20,50,18,0,50,0,,,,,,,,
AL - T.R. Miller Woodlands - Escambia Experimental Forest Compartment 103,19,,,,,,,,,,,,,,,,,,,12,20,0,10,4,40,4,0,4,0,,,,,,,,
AL - T.R. Miller Woodlands - Escambia Experimental Forest Compartment 103,20,,,,,,,,,,,,,,,,,,,,,30,89,13,120,36,0,0,0,,,,,,,,
AL - T.R. Miller Woodlands - Escambia Experimental Forest Compartment 55,1,,,,,,,,,,,,,,,,,,,,,,,0,9,48,,,,,,,,,,,
AL - T.R. Miller Woodlands - Escambia Experimental Forest Compartment 55,2,,,,,,,,,,,,,,,,,,,,,,,0,48,34,,,,,,,,,,,
AL - T.R. Miller Woodlands - Escambia Experimental Forest Compartment 55,3,,,,,,,,,,,,,,,,,,,,,,,0,12,11,,,,,,,,,,,
AL - T.R. Miller Woodlands - Escambia Experimental Forest Compartment 55,4,,,,,,,,,,,,,,,,,,,,,,,10,24,23,,,,,,,,,,,
AL - T.R. Miller Woodlands - Escambia Experimental Forest Compartment 55,5,,,,,,,,,,,,,,,,,,,,,,,0,0,3,,,,,,,,,,,
AL - T.R. Miller Woodlands - Escambia Experimental Forest Compartment 55,6,,,,,,,,,,,,,,,,,,,,,,,6,4,3,,,,,,,,,,,
AL - T.R. Miller Woodlands - Escambia Experimental Forest Compartment 55,7,,,,,,,,,,,,,,,,,,,,,,,0,3,0,,,,,,,,,,,
AL - T.R. Miller Woodlands - Escambia Experimental Forest Compartment 55,8,,,,,,,,,,,,,,,,,,,,,,,5,14,30,,,,,,,,,,,
AL - T.R. Miller Woodlands - Escambia Experimental Forest Compartment 55,9,,,,,,,,,,,,,,,,,,,,,,,4,58,21,,,,,,,,,,,
AL - T.R. Miller Woodlands - Escambia Experimental Forest Compartment 55,10,,,,,,,,,,,,,,,,,,,,,,,0,2,4,,,,,,,,,,,
AL - T.R. Miller Woodlands - Escambia Experimental Forest Compartment 55,11,,,,,,,,,,,,,,,,,,,,,,,1,6,0,,,,,,,,,,,
AL - T.R. Miller Woodlands - Escambia Experimental Forest Compartment 55,12,,,,,,,,,,,,,,,,,,,,,,,2,0,2,,,,,,,,,,,
AL - T.R. Miller Woodlands - Escambia Experimental Forest Compartment 55,13,,,,,,,,,,,,,,,,,,,,,,,4,12,10,,,,,,,,,,,
AL - T.R. Miller Woodlands - Escambia Experimental Forest Compartment 55,14,,,,,,,,,,,,,,,,,,,,,,,0,0,10,,,,,,,,,,,
AL - T.R. Miller Woodlands - Escambia Experimental Forest Compartment 55,15,,,,,,,,,,,,,,,,,,,,,,,0,240,16,,,,,,,,,,,
AL - T.R. Miller Woodlands - Escambia Experimental Forest Compartment 55,16,,,,,,,,,,,,,,,,,,,,,,,0,8,0,,,,,,,,,,,
AL - T.R. Miller Woodlands - Escambia Experimental Forest Compartment 55,17,,,,,,,,,,,,,,,,,,,,,,,7,6,3,,,,,,,,,,,
AL - T.R. Miller Woodlands - Escambia Experimental Forest Compartment 55,18,,,,,,,,,,,,,,,,,,,,,,,3,0,4,,,,,,,,,,,
AL - T.R. Miller Woodlands - Escambia Experimental Forest Compartment 55,19,,,,,,,,,,,,,,,,,,,,,,,0,22,15,,,,,,,,,,,
AL - T.R. Miller Woodlands - Escambia Experimental Forest Compartment 55,20,,,,,,,,,,,,,,,,,,,,,,,0,8,3,,,,,,,,,,,
AL - T.R. Miller Woodlands - Escambia Experimental Forest Compartment 128,1,,,,,,,,,,,,,,,,,,,,,,,,,,,,,88,0,,14,0,0,,
AL - T.R. Miller Woodlands - Escambia Experimental Forest Compartment 128,2,,,,,,,,,,,,,,,,,,,,,,,,,,,,,140,0,,33,12,0,,
AL - T.R. Miller Woodlands - Escambia Experimental Forest Compartment 128,3,,,,,,,,,,,,,,,,,,,,,,,,,,,,,80,0,,10,2,0,,
AL - T.R. Miller Woodlands - Escambia Experimental Forest Compartment 128,4,,,,,,,,,,,,,,,,,,,,,,,,,,,,,46,0,,14,4,0,,
AL - T.R. Miller Woodlands - Escambia Experimental Forest Compartment 128,5,,,,,,,,,,,,,,,,,,,,,,,,,,,,,42,0,,20,1,0,,
AL - T.R. Miller Woodlands - Escambia Experimental Forest Compartment 128,6,,,,,,,,,,,,,,,,,,,,,,,,,,,,,78,4,,37,3,0,,
AL - T.R. Miller Woodlands - Escambia Experimental Forest Compartment 128,7,,,,,,,,,,,,,,,,,,,,,,,,,,,,,88,0,,10,0,0,,
AL - T.R. Miller Woodlands - Escambia Experimental Forest Compartment 128,8,,,,,,,,,,,,,,,,,,,,,,,,,,,,,150,0,,115,0,0,,
AL - T.R. Miller Woodlands - Escambia Experimental Forest Compartment 128,9,,,,,,,,,,,,,,,,,,,,,,,,,,,,,140,0,,35,0,5,,
AL - T.R. Miller Woodlands - Escambia Experimental Forest Compartment 128,10,,,,,,,,,,,,,,,,,,,,,,,,,,,,,80,1,,45,0,0,,
AL - T.R. Miller Woodlands - Escambia Experimental Forest Compartment 128,11,,,,,,,,,,,,,,,,,,,,,,,,,,,,,200,0,,30,0,4,,
AL - T.R. Miller Woodlands - Escambia Experimental Forest Compartment 128,12,,,,,,,,,,,,,,,,,,,,,,,,,,,,,78,0,,31,3,2,,
AL - T.R. Miller Woodlands - Escambia Experimental Forest Compartment 128,13,,,,,,,,,,,,,,,,,,,,,,,,,,,,,9,0,,12,0,0,,
AL - T.R. Miller Woodlands - Escambia Experimental Forest Compartment 128,14,,,,,,,,,,,,,,,,,,,,,,,,,,,,,42,2,,23,1,0,,
AL - T.R. Miller Woodlands - Escambia Experimental Forest Compartment 128,15,,,,,,,,,,,,,,,,,,,,,,,,,,,,,20,0,,11,0,0,,
AL - T.R. Miller Woodlands - Escambia Experimental Forest Compartment 128,16,,,,,,,,,,,,,,,,,,,,,,,,,,,,,87,1,,37,0,0,,
AL - T.R. Miller Woodlands - Escambia Experimental Forest Compartment 128,17,,,,,,,,,,,,,,,,,,,,,,,,,,,,,99,0,,14,0,0,,
AL - T.R. Miller Woodlands - Escambia Experimental Forest Compartment 128,18,,,,,,,,,,,,,,,,,,,,,,,,,,,,,75,0,,19,0,0,,
AL - T.R. Miller Woodlands - Escambia Experimental Forest Compartment 128,19,,,,,,,,,,,,,,,,,,,,,,,,,,,,,42,0,,20,0,0,,
AL - T.R. Miller Woodlands - Escambia Experimental Forest Compartment 128,20,,,,,,,,,,,,,,,,,,,,,,,,,,,,,62,0,,19,0,18,,
AL - T.R. Miller Woodlands - Escambia Experimental Forest Compartment 128,21,,,,,,,,,,,,,,,,,,,,,,,,,,,,,75,0,,10,0,1,,
AL - T.R. Miller Woodlands - Escambia Experimental Forest Compartment 128,22,,,,,,,,,,,,,,,,,,,,,,,,,,,,,50,0,,19,0,15,,
AL - T.R. Miller Woodlands - Escambia Experimental Forest Compartment 128,23,,,,,,,,,,,,,,,,,,,,,,,,,,,,,151,1,,45,0,8,,
AL - T.R. Miller Woodlands - Escambia Experimental Forest Compartment 128,24,,,,,,,,,,,,,,,,,,,,,,,,,,,,,53,0,,66,0,2,,
AL - T.R. Miller Woodlands - Escambia Experimental Forest Compartment 128,25,,,,,,,,,,,,,,,,,,,,,,,,,,,,,88,0,,22,0,0,,
AL - T.R. Miller Woodlands - Escambia Experimental Forest Compartment 82,1,,,,,,,,,,,,,,,,,,,,,,,,,,,,,,,,14,0,11,0,0
AL - T.R. Miller Woodlands - Escambia Experimental Forest Compartment 82,2,,,,,,,,,,,,,,,,,,,,,,,,,,,,,,,,10,0,0,16,0
AL - T.R. Miller Woodlands - Escambia Experimental Forest Compartment 82,3,,,,,,,,,,,,,,,,,,,,,,,,,,,,,,,,,,,,
AL - T.R. Miller Woodlands - Escambia Experimental Forest Compartment 82,4,,,,,,,,,,,,,,,,,,,,,,,,,,,,,,,,6,0,0,0,0
AL - T.R. Miller Woodlands - Escambia Experimental Forest Compartment 82,5,,,,,,,,,,,,,,,,,,,,,,,,,,,,,,,,5,0,12,2,0
AL - T.R. Miller Woodlands - Escambia Experimental Forest Compartment 82,6,,,,,,,,,,,,,,,,,,,,,,,,,,,,,,,,3,0,6,18,0
AL - T.R. Miller Woodlands - Escambia Experimental Forest Compartment 82,7,,,,,,,,,,,,,,,,,,,,,,,,,,,,,,,,7,0,4,0,0
AL - T.R. Miller Woodlands - Escambia Experimental Forest Compartment 82,8,,,,,,,,,,,,,,,,,,,,,,,,,,,,,,,,0,0,2,0,0
AL - T.R. Miller Woodlands - Escambia Experimental Forest Compartment 82,9,,,,,,,,,,,,,,,,,,,,,,,,,,,,,,,,4,0,1,0,0
AL - T.R. Miller Woodlands - Escambia Experimental Forest Compartment 82,10,,,,,,,,,,,,,,,,,,,,,,,,,,,,,,,,,,,,
AL - T.R. Miller Woodlands - Escambia Experimental Forest Compartment 82,11,,,,,,,,,,,,,,,,,,,,,,,,,,,,,,,,,,,,
AL - T.R. Miller Woodlands - Escambia Experimental Forest Compartment 82,12,,,,,,,,,,,,,,,,,,,,,,,,,,,,,,,,5,1,6,0,0
AL - T.R. Miller Woodlands - Escambia Experimental Forest Compartment 82,13,,,,,,,,,,,,,,,,,,,,,,,,,,,,,,,,6,2,25,0,1
AL - T.R. Miller Woodlands - Escambia Experimental Forest Compartment 82,14,,,,,,,,,,,,,,,,,,,,,,,,,,,,,,,,7,0,0,2,0
AL - T.R. Miller Woodlands - Escambia Experimental Forest Compartment 82,15,,,,,,,,,,,,,,,,,,,,,,,,,,,,,,,,5,0,1,,0
"GA - Fort Moore Military Base -Units A9, S1, J6, A14, J3, O11, N1, T3, J1 and T5",1,0,1,22,0,0,1,2,0,1,3,2,0,0,0,2,4,,0,,16,,,,,,,,,,,,,,,,
"GA - Fort Moore Military Base -Units A9, S1, J6, A14, J3, O11, N1, T3, J1 and T5",2,3,7,15,1,6,1,2,84,0,12,39,0,0,2,2,0,,0,,7,,,,,,,,,,,,,,,,
"GA - Fort Moore Military Base -Units A9, S1, J6, A14, J3, O11, N1, T3, J1 and T5",3,5,12,0,2,5,0,0,7,6,5,14,2,0,0,25,0,,0,,0,,,,,,,,,,,,,,,,
"GA - Fort Moore Military Base -Units A9, S1, J6, A14, J3, O11, N1, T3, J1 and T5",4,3,2,7,1,73,0,3,65,13,72,92,5,0,1,3,3,,0,,0,,,,,,,,,,,,,,,,
"GA - Fort Moore Military Base -Units A9, S1, J6, A14, J3, O11, N1, T3, J1 and T5",5,41,0,3,0,10,0,2,17,21,1,87,0,1,0,51,38,,0,,2,,,,,,,,,,,,,,,,
"GA - Fort Moore Military Base -Units A9, S1, J6, A14, J3, O11, N1, T3, J1 and T5",6,11,22,21,1,2,1,9,51,3,0,19,0,0,8,39,38,,2,,17,,,,,,,,,,,,,,,,
"GA - Fort Moore Military Base -Units A9, S1, J6, A14, J3, O11, N1, T3, J1 and T5",7,1,32,0,0,2,2,4,14,0,12,64,0,0,6,5,21,,17,,35,,,,,,,,,,,,,,,,
"GA - Fort Moore Military Base -Units A9, S1, J6, A14, J3, O11, N1, T3, J1 and T5",8,3,14,3,0,3,0,3,12,0,14,8,0,2,4,55,14,,0,,0,,,,,,,,,,,,,,,,
"GA - Fort Moore Military Base -Units A9, S1, J6, A14, J3, O11, N1, T3, J1 and T5",9,5,34,1,1,12,0,0,25,12,23,11,0,0,1,35,121,,0,,4,,,,,,,,,,,,,,,,
"GA - Fort Moore Military Base -Units A9, S1, J6, A14, J3, O11, N1, T3, J1 and T5",10,4,5,3,0,5,4,3,27,0,24,24,0,0,0,3,57,,1,,5,,,,,,,,,,,,,,,,
"GA - Fort Moore Military Base -Units A9, S1, J6, A14, J3, O11, N1, T3, J1 and T5",11,4,11,12,14,3,37,0,35,0,6,52,0,0,4,30,219,,4,,0,,,,,,,,,,,,,,,,
"GA - Fort Moore Military Base -Units A9, S1, J6, A14, J3, O11, N1, T3, J1 and T5",12,0,0,3,5,26,10,2,35,0,5,0,0,1,22,12,51,,3,,4,,,,,,,,,,,,,,,,
"GA - Fort Moore Military Base -Units A9, S1, J6, A14, J3, O11, N1, T3, J1 and T5",13,2,0,0,4,7,25,2,27,0,0,21,14,0,0,5,153,,0,,6,,,,,,,,,,,,,,,,
"GA - Fort Moore Military Base -Units A9, S1, J6, A14, J3, O11, N1, T3, J1 and T5",14,0,18,0,3,5,3,2,17,0,4,16,9,0,0,112,77,,0,,0,,,,,,,,,,,,,,,,
"GA - Fort Moore Military Base -Units A9, S1, J6, A14, J3, O11, N1, T3, J1 and T5",15,3,34,13,6,2,20,5,24,1,46,17,12,0,28,4,11,,0,,36,,,,,,,,,,,,,,,,
"GA - Fort Moore Military Base -Units A9, S1, J6, A14, J3, O11, N1, T3, J1 and T5",16,10,0,0,0,1,0,0,13,0,0,51,0,0,32,19,36,,0,,39,,,,,,,,,,,,,,,,
"GA - Fort Moore Military Base -Units A9, S1, J6, A14, J3, O11, N1, T3, J1 and T5",17,5,2,0,5,4,3,1,1,0,46,9,0,0,211,12,27,,0,,0,,,,,,,,,,,,,,,,
"GA - Fort Moore Military Base -Units A9, S1, J6, A14, J3, O11, N1, T3, J1 and T5",18,4,1,1,1,2,5,1,6,0,22,122,0,0,128,29,25,,2,,36,,,,,,,,,,,,,,,,
"GA - Fort Moore Military Base -Units A9, S1, J6, A14, J3, O11, N1, T3, J1 and T5",19,9,1,0,0,5,4,0,0,0,4,3,2,2,166,0,7,,0,,60,,,,,,,,,,,,,,,,
"GA - Fort Moore Military Base -Units A9, S1, J6, A14, J3, O11, N1, T3, J1 and T5",20,13,4,20,0,3,1,3,62,3,1,57,3,0,0,0,3,,19,,31,,,,,,,,,,,,,,,,
"GA - Fort Moore Military Base -Units A9, S1, J6, A14, J3, O11, N1, T3, J1 and T5",21,0,20,0,2,29,1,5,173,4,5,234,5,0,23,75,87,,0,,12,,,,,,,,,,,,,,,,
"GA - Fort Moore Military Base -Units A9, S1, J6, A14, J3, O11, N1, T3, J1 and T5",22,2,6,1,6,16,2,1,74,1,8,253,1,1,7,9,12,,6,,15,,,,,,,,,,,,,,,,
"GA - Fort Moore Military Base -Units A9, S1, J6, A14, J3, O11, N1, T3, J1 and T5",23,0,59,1,0,38,0,1,28,0,5,232,46,0,7,12,6,,4,,7,,,,,,,,,,,,,,,,
"GA - Fort Moore Military Base -Units A9, S1, J6, A14, J3, O11, N1, T3, J1 and T5",24,2,3,0,2,9,0,2,26,2,34,120,6,1,6,4,123,,0,,2,,,,,,,,,,,,,,,,
"GA - Fort Moore Military Base -Units A9, S1, J6, A14, J3, O11, N1, T3, J1 and T5",25,3,1,0,3,4,0,1,42,0,29,41,31,3,50,39,21,,0,,2,,,,,,,,,,,,,,,,
"GA - Fort Moore Military Base -Units A9, S1, J6, A14, J3, O11, N1, T3, J1 and T5",26,2,7,0,2,4,0,0,37,11,50,342,2,1,11,31,96,,6,,15,,,,,,,,,,,,,,,,
"GA - Fort Moore Military Base -Units A9, S1, J6, A14, J3, O11, N1, T3, J1 and T5",27,4,3,1,0,2,2,0,20,2,24,53,9,0,18,7,53,,6,,14,,,,,,,,,,,,,,,,
"GA - Fort Moore Military Base -Units A9, S1, J6, A14, J3, O11, N1, T3, J1 and T5",28,7,29,1,1,6,3,1,3,0,2,58,0,0,1,6,75,,5,,13,,,,,,,,,,,,,,,,
"GA - Fort Moore Military Base -Units A9, S1, J6, A14, J3, O11, N1, T3, J1 and T5",29,2,1,3,1,8,1,1,11,1,21,107,0,11,3,12,9,,1,,9,,,,,,,,,,,,,,,,
"GA - Fort Moore Military Base -Units A9, S1, J6, A14, J3, O11, N1, T3, J1 and T5",30,2,2,0,3,5,0,2,34,10,49,71,2,0,14,22,30,,32,,4,,,,,,,,,,,,,,,,
"GA - Fort Moore Military Base -Units A9, S1, J6, A14, J3, O11, N1, T3, J1 and T5",31,0,8,19,3,49,8,7,81,3,1,209,0,2,2,6,0,,2,,1,,,,,,,,,,,,,,,,
"GA - Fort Moore Military Base -Units A9, S1, J6, A14, J3, O11, N1, T3, J1 and T5",32,2,6,0,0,19,13,6,48,0,19,241,3,2,0,33,32,,7,,5,,,,,,,,,,,,,,,,
"GA - Fort Moore Military Base -Units A9, S1, J6, A14, J3, O11, N1, T3, J1 and T5",33,6,7,0,16,7,2,4,245,0,3,41,0,0,0,173,10,,7,,5,,,,,,,,,,,,,,,,
"GA - Fort Moore Military Base -Units A9, S1, J6, A14, J3, O11, N1, T3, J1 and T5",34,0,3,3,18,11,3,0,465,3,0,1,1,0,23,31,43,,3,,2,,,,,,,,,,,,,,,,
"GA - Fort Moore Military Base -Units A9, S1, J6, A14, J3, O11, N1, T3, J1 and T5",35,2,1,0,1,7,1,4,408,0,64,0,12,0,9,5,33,,212,,3,,,,,,,,,,,,,,,,
"GA - Fort Moore Military Base -Units A9, S1, J6, A14, J3, O11, N1, T3, J1 and T5",36,3,5,6,7,7,25,0,17,0,19,23,14,0,0,1,22,,0,,0,,,,,,,,,,,,,,,,
"GA - Fort Moore Military Base -Units A9, S1, J6, A14, J3, O11, N1, T3, J1 and T5",37,0,39,4,5,3,1,3,0,0,1,14,0,0,5,0,66,,0,,5,,,,,,,,,,,,,,,,
"GA - Fort Moore Military Base -Units A9, S1, J6, A14, J3, O11, N1, T3, J1 and T5",38,16,1,1,2,12,3,3,88,4,1,30,0,0,0,9,9,,0,,7,,,,,,,,,,,,,,,,
"GA - Fort Moore Military Base -Units A9, S1, J6, A14, J3, O11, N1, T3, J1 and T5",39,1,2,2,3,4,1,0,21,0,35,186,0,0,0,7,17,,0,,0,,,,,,,,,,,,,,,,
"GA - Fort Moore Military Base -Units A9, S1, J6, A14, J3, O11, N1, T3, J1 and T5",40,19,2,0,0,46,0,2,19,0,2,112,1,0,3,1,14,,11,,0,,,,,,,,,,,,,,,,
"GA - Fort Moore Military Base -Units A9, S1, J6, A14, J3, O11, N1, T3, J1 and T5",41,11,1,1,2,1,10,0,104,3,20,6,10,0,19,3,50,,17,,28,,,,,,,,,,,,,,,,
"GA - Fort Moore Military Base -Units A9, S1, J6, A14, J3, O11, N1, T3, J1 and T5",42,0,6,2,2,1,5,0,34,8,0,83,3,0,0,0,26,,0,,19,,,,,,,,,,,,,,,,
"GA - Fort Moore Military Base -Units A9, S1, J6, A14, J3, O11, N1, T3, J1 and T5",43,0,9,0,4,14,3,3,0,5,44,22,3,3,15,10,11,,12,,26,,,,,,,,,,,,,,,,
"GA - Fort Moore Military Base -Units A9, S1, J6, A14, J3, O11, N1, T3, J1 and T5",44,0,2,0,3,1,0,0,1,0,7,43,0,0,13,0,44,,5,,6,,,,,,,,,,,,,,,,
"GA - Fort Moore Military Base -Units A9, S1, J6, A14, J3, O11, N1, T3, J1 and T5",45,6,8,0,3,4,2,0,16,24,11,0,0,8,1,9,54,,0,,13,,,,,,,,,,,,,,,,
"GA - Fort Moore Military Base -Units A9, S1, J6, A14, J3, O11, N1, T3, J1 and T5",46,1,0,91,3,2,5,0,102,1,17,2,0,0,6,4,7,,0,,0,,,,,,,,,,,,,,,,
"GA - Fort Moore Military Base -Units A9, S1, J6, A14, J3, O11, N1, T3, J1 and T5",47,2,4,8,2,3,4,0,33,0,0,84,0,5,38,0,45,,0,,7,,,,,,,,,,,,,,,,
"GA - Fort Moore Military Base -Units A9, S1, J6, A14, J3, O11, N1, T3, J1 and T5",48,0,0,3,0,23,7,2,17,2,0,24,56,0,0,1,26,,0,,0,,,,,,,,,,,,,,,,
"GA - Fort Moore Military Base -Units A9, S1, J6, A14, J3, O11, N1, T3, J1 and T5",49,1,1,11,0,7,4,2,152,2,11,115,12,11,18,42,83,,0,,2,,,,,,,,,,,,,,,,
"GA - Fort Moore Military Base -Units A9, S1, J6, A14, J3, O11, N1, T3, J1 and T5",50,2,3,6,4,0,2,0,6,2,17,7,53,2,48,0,26,,0,,11,,,,,,,,,,,,,,,,
GA - Jones Ecological Research Center - the Turkey Woods,1,9,0,33,5,,15,0,49,2,4,46,1,2,61,0,11,2,1,85,32,,51,,,,,,,,,,,,,,
GA - Jones Ecological Research Center - the Turkey Woods,2,0,3,63,12,,5,0,12,1,3,25,1,0,21,3,13,3,2,17,2,,23,,,,,,,,,,,,,,
GA - Jones Ecological Research Center - the Turkey Woods,3,0,0,14,7,,6,0,13,0,0,31,0,0,3,0,4,0,0,8,3,,16,,,,,,,,,,,,,,
GA - Jones Ecological Research Center - the Turkey Woods,4,2,0,64,0,,10,0,115,0,0,115,1,3,87,0,81,7,7,78,63,,57,,,,,,,,,,,,,,
GA - Jones Ecological Research Center - the Turkey Woods,5,2,0,19,18,,2,0,35,1,0,9,0,2,13,0,6,0,2,9,9,,3,,,,,,,,,,,,,,
GA - Jones Ecological Research Center - the Turkey Woods,6,0,1,8,4,,3,1,11,1,0,15,0,1,21,1,10,4,3,33,13,,2,,,,,,,,,,,,,,
GA - Jones Ecological Research Center - the Turkey Woods,7,1,0,54,14,,13,1,75,0,14,13,0,3,31,0,7,6,6,18,41,,11,,,,,,,,,,,,,,
GA - Jones Ecological Research Center - the Turkey Woods,8,1,0,28,6,,8,0,44,1,5,7,0,1,6,1,12,5,2,27,3,,25,,,,,,,,,,,,,,
GA - Jones Ecological Research Center - the Turkey Woods,9,dead,dead,0,59,,5,2,251,1,4,40,0,0,47,0,6,13,1,79,48,,70,,,,,,,,,,,,,,
GA - Jones Ecological Research Center - the Turkey Woods,10,6,1,5,6,,2,0,200,1,3,11,2,0,73,0,3,1,0,20,2,,1,,,,,,,,,,,,,,
GA - Jones Ecological Research Center - the Turkey Woods,11,8,0,67,175,,27,4,12,0,3,427,0,1,1,4,205,6,8,223,0,,231,,,,,,,,,,,,,,
GA - Southlands Experimental Forest of International Paper Company - near Bainbridge,1,,,,,,,,,,,,,,,,,,,,,,,,,,,,1,103,30,2,,,,,
GA - Southlands Experimental Forest of International Paper Company - near Bainbridge,2,,,,,,,,,,,,,,,,,,,,,,,,,,,,0,20,50,19,,,,,
GA - Southlands Experimental Forest of International Paper Company - near Bainbridge,3,,,,,,,,,,,,,,,,,,,,,,,,,,,,3,140,49,41,,,,,
GA - Southlands Experimental Forest of International Paper Company - near Bainbridge,4,,,,,,,,,,,,,,,,,,,,,,,,,,,,0,122,31,24,,,,,
GA - Southlands Experimental Forest of International Paper Company - near Bainbridge,5,,,,,,,,,,,,,,,,,,,,,,,,,,,,0,20,10,9,,,,,
GA - Southlands Experimental Forest of International Paper Company - near Bainbridge,6,,,,,,,,,,,,,,,,,,,,,,,,,,,,0,4,5,39,,,,,
GA - Southlands Experimental Forest of International Paper Company - near Bainbridge,7,,,,,,,,,,,,,,,,,,,,,,,,,,,,1,81,20,8,,,,,
GA - Southlands Experimental Forest of International Paper Company - near Bainbridge,8,,,,,,,,,,,,,,,,,,,,,,,,,,,,0,14,8,4,,,,,
GA - Southlands Experimental Forest of International Paper Company - near Bainbridge,9,,,,,,,,,,,,,,,,,,,,,,,,,,,,4,18,,4,,,,,
GA - Southlands Experimental Forest of International Paper Company - near Bainbridge,10,,,,,,,,,,,,,,,,,,,,,,,,,,,,,,,126,,,,,
GA - Southlands Experimental Forest of International Paper Company - near Bainbridge,11,,,,,,,,,,,,,,,,,,,,,,,,,,,,,,,33,,,,,
GA - Southlands Experimental Forest of International Paper Company - near Bainbridge,12,,,,,,,,,,,,,,,,,,,,,,,,,,,,,,,5,,,,,
GA - Southlands Experimental Forest of International Paper Company - near Bainbridge,13,,,,,,,,,,,,,,,,,,,,,,,,,,,,,,,23,,,,,
LA - Kisatchie National Forest - Palustris Experimental Forest Croker Stand,111,49,53,72,7,16,116,61,8,0,2,93,4,5,12,1,48,10,11,36,6,7,27,0,2,2,,,,,,,,,,,
LA - Kisatchie National Forest - Palustris Experimental Forest Croker Stand,112,0,15,24,8,5,38,21,18,0,7,67,13,11,55,6,34,8,9,52,7,1,12,0,65,4,,,,,,,,,,,
LA - Kisatchie National Forest - Palustris Experimental Forest Croker Stand,211,8,10,2,23,1,1,7,0,0,3,81,1,1,20,0,4,6,4,11,2,,1,0,7,,,,,,,,,,,,
LA - Kisatchie National Forest - Palustris Experimental Forest Croker Stand,212,2,2,19,11,2,5,0,4,0,1,87,6,15,21,5,37,16,7,6,5,6,4,0,42,1,,,,,,,,,,,
LA - Kisatchie National Forest - Palustris Experimental Forest Croker Stand,221,18,44,8,5,6,11,6,6,5,27,128,4,5,42,3,95,17,12,9,4,1,,0,13,2,,,,,,,,,,,
LA - Kisatchie National Forest - Palustris Experimental Forest Croker Stand,242,0,9,31,27,10,19,0,30,0,17,192,4,5,12,1,57,21,6,31,52,3,6,0,84,6,,,,,,,,,,,
LA - Kisatchie National Forest - Palustris Experimental Forest Croker Stand,311,1,72,20,29,18,45,2,2,1,23,105,3,7,6,7,26,26,19,26,24,28,95,2,3,6,,,,,,,,,,,
LA - Kisatchie National Forest - Palustris Experimental Forest Croker Stand,322,0,1,5,2,0,0,2,2,1,2,14,5,4,5,5,22,8,3,29,13,,14,0,3,2,,,,,,,,,,,
LA - Kisatchie National Forest - Palustris Experimental Forest Croker Stand,331,0,1,1,3,1,1,0,5,0,0,18,9,3,2,1,5,9,3,1,3,2,4,0,33,,,,,,,,,,,,
LA - Kisatchie National Forest - Palustris Experimental Forest Croker Stand,352,0,41,16,16,13,25,0,0,2,6,106,2,2,14,3,19,7,8,6,9,3,,0,12,,,,,,,,,,,,
LA - Kisatchie National Forest - Palustris Experimental Forest Croker Stand,422,0,6,9,5,0,0,0,52,0,0,130,15,10,15,0,31,15,10,74,21,3,8,0,31,7,,,,,,,,,,,
LA - Kisatchie National Forest - Palustris Experimental Forest Croker Stand,442,11,3,40,27,5,31,22,37,0,37,408,0,10,33,1,44,39,4,1,5,3,28,0,4,2,,,,,,,,,,,
LA - Kisatchie National Forest - Palustris Experimental Forest Croker Stand,451,0,4,5,0,0,23,0,16,0,5,86,7,5,0,1,23,2,8,16,22,2,12,0,46,3,,,,,,,,,,,
LA - Kisatchie National Forest - Palustris Experimental Forest Croker Stand,511,1,6,0,4,0,3,0,14,2,0,22,1,5,4,7,6,1,2,33,14,,3,0,14,4,,,,,,,,,,,
LA - Kisatchie National Forest - Palustris Experimental Forest Croker Stand,551,1,3,28,10,0,15,23,12,0,0,134,1,3,6,5,12,4,7,13,3,8,5,0,11,,,,,,,,,,,,
FL - Ordway-Swisher Biological Station - Compartment #MU-B6,1,3,1,0,0,,1,1,8,0,3,,,,,,,,,,,,,,,,,,,,,,,,,,
FL - Ordway-Swisher Biological Station - Compartment #MU-B6,2,3,3,4,0,,0,0,10,0,0,,,,,,,,,,,,,,,,,,,,,,,,,,
FL - Ordway-Swisher Biological Station - Compartment #MU-B6,3,1,2,4,2,,2,0,33,0,2,,,,,,,,,,,,,,,,,,,,,,,,,,
FL - Ordway-Swisher Biological Station - Compartment #MU-B6,4,1,3,17,4,,18,0,4,0,1,,,,,,,,,,,,,,,,,,,,,,,,,,
FL - Ordway-Swisher Biological Station - Compartment #MU-B6,5,7,6,5,2,,2,0,31,0,0,,,,,,,,,,,,,,,,,,,,,,,,,,
FL - Ordway-Swisher Biological Station - Compartment #MU-B6,6,0,0,0,0,,0,0,1,0,0,,,,,,,,,,,,,,,,,,,,,,,,,,
FL - Ordway-Swisher Biological Station - Compartment #MU-B6,7,1,1,0,3,,0,0,7,0,0,,,,,,,,,,,,,,,,,,,,,,,,,,
FL - Ordway-Swisher Biological Station - Compartment #MU-B6,8,0,2,0,0,,0,0,1,0,0,,,,,,,,,,,,,,,,,,,,,,,,,,
FL - Ordway-Swisher Biological Station - Compartment #MU-B6,9,2,2,0,1,,14,0,43,2,0,,,,,,,,,,,,,,,,,,,,,,,,,,
FL - Ordway-Swisher Biological Station - Compartment #MU-B6,10,8,6,2,0,,28,1,7,0,0,,,,,,,,,,,,,,,,,,,,,,,,,,
SC - Sand Hills State Forest -  East of Patrick-Society Hill Road,1,7,3,8,10,,11,3,5,2,missing,37,3,2,11,2,,6,0,70,15,,0,18,0,1,35,0,0,21,,,,,,,
SC - Sand Hills State Forest -  East of Patrick-Society Hill Road,2,2,2,11,5,,2,7,0,0,0,12,2,0,1,1,,1,0,1,13,,0,4,0,2,7,0,1,3,,,,,,,
SC - Sand Hills State Forest -  East of Patrick-Society Hill Road,3,11,25,32,27,,21,8,0,14,1,32,6,6,19,19,,7,0,34,12,,12,2,0,4,2,1,5,11,,,,,,,
SC - Sand Hills State Forest -  East of Patrick-Society Hill Road,4,2,2,14,29,,2,10,17,4,0,15,1,2,3,2,,1,4,21,2,,0,6,0,0,10,0,0,9,,,,,,,
SC - Sand Hills State Forest -  East of Patrick-Society Hill Road,5,13,0,37,16,,18,33,8,0,0,42,4,11,5,2,,1,0,92,26,,29,46,0,23,20,1,32,89,,,,,,,
SC - Sand Hills State Forest -  East of Patrick-Society Hill Road,6,5,3,2,23,,19,5,0,3,1,34,3,5,18,2,,1,0,31,9,,0,0,0,1,0,1,5,23,,,,,,,
SC - Sand Hills State Forest -  East of Patrick-Society Hill Road,7,6,0,48,39,,0,2,0,0,0,20,2,6,8,1,,3,0,21,12,,0,6,0,0,34,0,0,26,,,,,,,
SC - Sand Hills State Forest -  East of Patrick-Society Hill Road,8,20,13,27,51,,9,11,2,1,0,39,0,3,14,0,,4,0,81,10,,10,22,2,3,8,0,27,35,,,,,,,
SC - Sand Hills State Forest -  East of Patrick-Society Hill Road,9,6,3,7,7,,5,6,0,1,1,12,2,0,2,1,,7,0,37,5,,0,40,2,0,6,0,0,10,,,,,,,
SC - Sand Hills State Forest -  East of Patrick-Society Hill Road,10,0,0,7,11,,2,1,1,2,0,5,0,5,3,1,,3,0,15,12,,0,3,0,0,1,0,0,3,,,,,,,
SC - Sand Hills State Forest -  East of Patrick-Society Hill Road,11,0,0,18,42,,6,4,4,0,0,51,1,7,18,3,,1,0,70,24,,0,13,0,1,13,1,8,8,,,,,,,
SC - Sand Hills State Forest -  East of Patrick-Society Hill Road,12,6,12,1,3,,1,0,1,2,0,35,0,3,11,2,,0,1,31,0,,4,16,0,5,15,1,4,2,,,,,,,
SC - Sand Hills State Forest -  East of Patrick-Society Hill Road,13,dead,dead,dead,dead,,dead,dead,dead,dead,dead,dead,dead,dead,dead,dead,,dead,dead,dead,dead,,0,15,5,0,3,0,1,20,,,,,,,
SC - Sand Hills State Forest -  East of Patrick-Society Hill Road,14,3,9,2,10,,18,2,0,3,1,40,1,4,11,0,,1,0,85,7,,0,6,0,0,7,1,0,0,,,,,,,
SC - Sand Hills State Forest -  East of Patrick-Society Hill Road,15,missing,25,13,7,,missing,5,12,16,3,5,2,3,5,3,,13,0,59,13,,0,30,0,0,6,0,2,25,,,,,,,
FL - Tall Timbers Research Station - Westside of Gallien Road,1,2,1,0,0,,1,2,29,0,0,0,0,1,0,0,,,,,,,,,,,,,,,,,,,,,
FL - Tall Timbers Research Station - Westside of Gallien Road,2,dead,dead,dead,dead,,dead,dead,dead,dead,dead,dead,dead,dead,11,5,,,,,,,,,,,,,,,,,,,,,
FL - Tall Timbers Research Station - Westside of Gallien Road,3,2,0,19,4,,1,5,12,1,3,7,1,10,0,0,,,,,,,,,,,,,,,,,,,,,
FL - Tall Timbers Research Station - Westside of Gallien Road,4,1,3,2,0,,12,1,6,0,2,4,1,2,2,0,,,,,,,,,,,,,,,,,,,,,
FL - Tall Timbers Research Station - Westside of Gallien Road,5,2,1,1,0,,2,1,18,2,3,1,1,2,1,0,,,,,,,,,,,,,,,,,,,,,
FL - Tall Timbers Research Station - Westside of Gallien Road,6,5,0,0,0,,5,36,1,1,7,1,1,6,2,2,,,,,,,,,,,,,,,,,,,,,
FL - Tall Timbers Research Station - Westside of Gallien Road,7,6,0,11,2,,26,7,39,0,16,19,0,1,3,1,,,,,,,,,,,,,,,,,,,,,
FL - Tall Timbers Research Station - Westside of Gallien Road,8,8,0,23,11,,4,4,19,13,7,10,1,33,16,4,,,,,,,,,,,,,,,,,,,,,
FL - Tall Timbers Research Station - Westside of Gallien Road,9,5,2,6,6,,1,0,3,0,0,0,1,1,0,1,,,,,,,,,,,,,,,,,,,,,
FL - Tall Timbers Research Station - Westside of Gallien Road,10,2,0,1,5,,3,3,0,0,28,19,0,0,0,0,,,,,,,,,,,,,,,,,,,,,
GA - Tall Timbers Research Station - Pebble Hill Plantation,1,,,,,,,,,,,,,,,,13,16,0,23,11,,51,,,,,,,,,,,,,,
GA - Tall Timbers Research Station - Pebble Hill Plantation,2,,,,,,,,,,,,,,,,23,21,0,31,21,,17,,,,,,,,,,,,,,
GA - Tall Timbers Research Station - Pebble Hill Plantation,3,,,,,,,,,,,,,,,,dead,dead,dead,dead,dead,,dead,,,,,,,,,,,,,,
GA - Tall Timbers Research Station - Pebble Hill Plantation,4,,,,,,,,,,,,,,,,2,10,0,13,0,,4,,,,,,,,,,,,,,
GA - Tall Timbers Research Station - Pebble Hill Plantation,5,,,,,,,,,,,,,,,,1,5,1,35,2,,42,,,,,,,,,,,,,,
GA - Tall Timbers Research Station - Pebble Hill Plantation,6,,,,,,,,,,,,,,,,6,6,0,38,15,,19,,,,,,,,,,,,,,
GA - Tall Timbers Research Station - Pebble Hill Plantation,7,,,,,,,,,,,,,,,,14,23,4,82,30,,54,,,,,,,,,,,,,,
GA - Tall Timbers Research Station - Pebble Hill Plantation,8,,,,,,,,,,,,,,,,2,13,0,2,5,,8,,,,,,,,,,,,,,
GA - Tall Timbers Research Station - Pebble Hill Plantation,9,,,,,,,,,,,,,,,,37,54,1,41,15,,5,,,,,,,,,,,,,,
GA - Tall Timbers Research Station - Pebble Hill Plantation,10,,,,,,,,,,,,,,,,2,2,3,8,28,,9,,,,,,,,,,,,,,
GA - Tall Timbers Research Station - Pebble Hill Plantation,11,,,,,,,,,,,,,,,,1,3,1,11,7,,4,,,,,,,,,,,,,,
